Family id	Family Accession	Clan	Env. Start	Env. End	Ali. Start	Ali. End	Model Start	Model End	Bit Score	Ind. E-value	Cond. E-value	Description
TPR_2	PF07719.20	CL0020	28	61	29	61	2	34	26.31	5.2e-06	3.4e-09	Tetratricopeptide repeat
DnaJ	PF00226.34	CL0392	381	448	381	448	1	63	84.22	5.4e-24	3.6e-27	DnaJ domain
TPR_8	PF13181.9	CL0020	33	61	35	61	8	34	19.14	0.0011	7.1e-07	Tetratricopeptide repeat
TPR_8	PF13181.9	CL0020	294	327	294	325	1	32	13.26	0.083	5.5e-05	Tetratricopeptide repeat
TPR_8	PF13181.9	CL0020	328	360	329	355	2	28	20.55	0.00038	2.5e-07	Tetratricopeptide repeat
TPR_11	PF13414.9	CL0020	35	76	35	76	1	42	28.89	7.4e-07	4.9e-10	TPR repeat
TPR_16	PF13432.9	CL0020	186	244	189	243	10	67	21.05	0.00039	2.6e-07	Tetratricopeptide repeat
TPR_17	PF13431.9	CL0020	50	83	51	82	2	33	21.96	0.00016	1.0e-07	Tetratricopeptide repeat
