Family id	Family Accession	Clan	Env. Start	Env. End	Ali. Start	Ali. End	Model Start	Model End	Bit Score	Ind. E-value	Cond. E-value	Description
zf-C2H2	PF00096.29	CL0361	207	229	207	229	1	23	23.07	7.7e-05	3.1e-08	Zinc finger, C2H2 type
zf-C2H2	PF00096.29	CL0361	235	257	235	257	1	23	24.37	3.0e-05	1.2e-08	Zinc finger, C2H2 type
zf-C2H2	PF00096.29	CL0361	263	285	263	285	1	23	22.71	9.9e-05	4.0e-08	Zinc finger, C2H2 type
zf-C2H2	PF00096.29	CL0361	291	313	291	313	1	23	23.56	5.3e-05	2.2e-08	Zinc finger, C2H2 type
zf-C2H2	PF00096.29	CL0361	319	341	319	341	1	23	26.98	4.4e-06	1.8e-09	Zinc finger, C2H2 type
zf-C2H2	PF00096.29	CL0361	347	369	347	369	1	23	22.48	0.00012	4.8e-08	Zinc finger, C2H2 type
zf-C2H2	PF00096.29	CL0361	375	397	375	397	1	23	26.35	7.0e-06	2.8e-09	Zinc finger, C2H2 type
zf-C2H2	PF00096.29	CL0361	403	425	403	425	1	23	22.39	0.00013	5.1e-08	Zinc finger, C2H2 type
zf-C2H2	PF00096.29	CL0361	431	453	431	453	1	23	25.63	1.2e-05	4.8e-09	Zinc finger, C2H2 type
