Family id	Family Accession	Clan	Env. Start	Env. End	Ali. Start	Ali. End	Model Start	Model End	Bit Score	Ind. E-value	Cond. E-value	Description
Importin_rep_6	PF18829.4	CL0020	765	874	765	872	1	108	124.92	1.8e-36	1.0e-39	Importin repeat 6
Importin_rep_4	PF18808.4	CL0020	268	357	270	357	3	90	95.90	1.5e-27	8.4e-31	Importin repeat
HEAT	PF02985.25	CL0020	400	430	400	428	1	29	22.31	0.00011	6.0e-08	HEAT repeat
HEAT	PF02985.25	CL0020	906	936	907	935	2	30	21.56	0.00019	1.0e-07	HEAT repeat
HEAT_2	PF13646.9	CL0020	360	467	363	466	4	87	34.88	1.7e-08	9.4e-12	HEAT repeats
HEAT_EZ	PF13513.9	CL0020	372	426	372	426	1	55	32.43	1.0e-07	5.9e-11	HEAT-like repeat
Vac14_Fab1_bd	PF12755.10	CL0020	373	428	374	423	2	51	27.93	2.9e-06	1.6e-09	Vacuolar 14 Fab1-binding region
Importin_rep_5	PF18816.4	CL0020	1005	1061	1005	1052	1	44	30.97	2.4e-07	1.3e-10	Importin repeat
