Family id	Family Accession	Clan	Env. Start	Env. End	Ali. Start	Ali. End	Model Start	Model End	Bit Score	Ind. E-value	Cond. E-value	Description
R3H	PF01424.25	-	995	1060	995	1059	1	59	73.27	1.3e-20	1.3e-24	R3H domain
zf-NF-X1	PF01422.20	-	453	470	455	470	4	19	14.49	0.03	3.1e-06	NF-X1 type zinc finger
zf-NF-X1	PF01422.20	-	506	524	506	524	1	19	20.60	0.00037	3.8e-08	NF-X1 type zinc finger
zf-NF-X1	PF01422.20	-	567	585	567	585	1	19	22.90	7.1e-05	7.3e-09	NF-X1 type zinc finger
zf-NF-X1	PF01422.20	-	622	654	632	654	1	19	24.13	2.9e-05	3.0e-09	NF-X1 type zinc finger
zf-NF-X1	PF01422.20	-	694	706	694	704	1	11	9.38	1.2	0.00012	NF-X1 type zinc finger
zf-NF-X1	PF01422.20	-	721	739	721	739	1	19	26.11	7.0e-06	7.2e-10	NF-X1 type zinc finger
zf-NF-X1	PF01422.20	-	832	857	832	853	1	19	24.22	2.7e-05	2.8e-09	NF-X1 type zinc finger
zf-NF-X1	PF01422.20	-	863	883	863	882	1	18	3.55	81	0.0082	NF-X1 type zinc finger
