Family id	Family Accession	Clan	Env. Start	Env. End	Ali. Start	Ali. End	Model Start	Model End	Bit Score	Ind. E-value	Cond. E-value	Description
TPR_1	PF00515.31	CL0020	106	138	108	137	4	33	28.20	1.2e-06	9.1e-10	Tetratricopeptide repeat
TPR_19	PF14559.9	CL0020	81	148	82	139	2	59	27.02	5.0e-06	3.8e-09	Tetratricopeptide repeat
DnaJ	PF00226.34	CL0392	394	459	394	459	1	63	79.49	1.6e-22	1.2e-25	DnaJ domain
TPR_16	PF13432.9	CL0020	41	100	42	93	2	55	25.04	2.2e-05	1.7e-08	Tetratricopeptide repeat
TPR_16	PF13432.9	CL0020	109	189	109	181	1	61	24.68	2.9e-05	2.2e-08	Tetratricopeptide repeat
TPR_8	PF13181.9	CL0020	105	138	108	137	4	33	19.74	0.00069	5.3e-07	Tetratricopeptide repeat
TPR_8	PF13181.9	CL0020	222	255	223	255	2	34	19.28	0.00097	7.4e-07	Tetratricopeptide repeat
TPR_21	PF09976.12	CL0020	35	155	40	142	79	181	29.82	4.9e-07	3.7e-10	Tetratricopeptide repeat-like domain
