Family id	Family Accession	Clan	Env. Start	Env. End	Ali. Start	Ali. End	Model Start	Model End	Bit Score	Ind. E-value	Cond. E-value	Description
WD40	PF00400.35	CL0186	370	407	374	407	5	38	26.94	6.4e-06	1.6e-09	WD domain, G-beta repeat
WD40	PF00400.35	CL0186	411	447	411	447	1	38	22.43	0.00017	4.3e-08	WD domain, G-beta repeat
WD40	PF00400.35	CL0186	451	487	451	487	1	38	26.24	1.1e-05	2.7e-09	WD domain, G-beta repeat
WD40	PF00400.35	CL0186	491	527	491	527	1	38	24.83	3.0e-05	7.5e-09	WD domain, G-beta repeat
WD40	PF00400.35	CL0186	531	567	532	567	2	38	30.46	4.9e-07	1.3e-10	WD domain, G-beta repeat
WD40	PF00400.35	CL0186	571	607	571	607	1	38	20.86	0.00053	1.4e-07	WD domain, G-beta repeat
WD40	PF00400.35	CL0186	611	650	611	650	1	38	31.22	2.8e-07	7.2e-11	WD domain, G-beta repeat
F-box-like	PF12937.10	CL0271	281	327	282	325	2	46	48.31	7.3e-13	1.9e-16	F-box-like
F-box	PF00646.36	CL0271	281	323	281	322	1	42	31.71	1.0e-07	2.7e-11	F-box domain
