"","Value","Std. Error","t value","p value"
"Size.Kb.",-0.0171845238755432,0.00412276854118257,-4.16820001023245,0
"num_unique_interactions",0.0535445614152167,0.0309171699718997,1.73187136674808,0.083
"num_publications",0.0131947712602515,0.0385443652654109,0.342326852949692,0.732
"num_unique_interactions:num_publications",-0.000450540377332594,0.00126059463366854,-0.357403058286428,0.721
"very low|low",-3.8115733391109,0.580921213237799,-6.56125693511322,0
"low|moderate",-1.46880088921533,0.320337072869194,-4.58517297439093,0
"moderate|severe",2.69135714677111,0.489213281912744,5.50139835993075,0
